,mountain_name,lat,lon,hanja,altitude,location,management,total_score,view_score_weighted,healing_score_weighted,sns_photo_score_weighted,trail_condition_score_weighted,fun_achievement_score_weighted,seasonal_attraction_score_weighted,mountain_name_en,description
0,가리산,37.874149,127.960749,加里山,1050.9,"강원도 홍천군 두촌면ㆍ화촌면, 춘천시 북산면ㆍ동면","홍천군청, 춘천시청",7.3,7.8,7.3,7.5,6.9,7.1,7.2,Gari-san,"연리목과 큰바위얼굴이 유명하며, 정상에서 소양호와 강원도 산맥 조망이 탁월하고 울창한 숲길과 계곡이 아름다워 사계절 힐링 산행지로 인기"
1,가리왕산,37.462881,128.563134,加里王山,1561.8,"강원도 정선군 북평면ㆍ정선읍 회동리, 평창군 진부면","정선군청, 평창군청",7.2,7.4,7.5,7.2,6.0,7.2,8.0,Gariwang-san,"이끼계곡과 원시림이 장관이며 운해와 주목군락지가 유명하고, 2018 동계올림픽 알파인 경기장으로 알려진 강원도의 청정 명산"
2,가야산,35.82276,128.11785,伽倻山,1432.6,"경상남도 합천군ㆍ거창군, 경상북도 성주군",국립공원관리공단(가야산국립공원),7.7,8.4,7.4,7.7,6.9,7.8,8.0,Gaya-san,"해인사 팔만대장경의 불교 성지이며 만물상 암릉과 기암괴석이 압권이고, 가을 단풍과 홍류동 계곡이 절경을 이루는 영남의 명산"
3,가지산,35.62194743,129.0030131,加智山,1240.9,"울산광역시 울주군, 경상북도 청도군, 경상남도 밀양시","울주군청, 청도군청, 밀양시청",7.4,8.1,7.2,7.5,6.4,7.4,8.2,Gaji-san,"영남알프스 주봉으로 억새평원과 석남사 계곡이 유명하며, 정상 조망이 탁월하고 가을 억새 물결이 장관을 이루는 산악인들의 명산"
4,감악산,37.94255,126.969003,紺岳山,674.9,"경기도 파주시 적성면, 양주시 남면, 연천군 전곡읍","파주시청, 양주시청, 연천군청",7.1,7.7,7.0,7.7,6.4,6.9,7.0,Gamak-san,"출렁다리와 적성산성이 유명하며 임진강과 파주 평야 조망이 뛰어나고, 등산로가 잘 정비되어 가족 산행지로 적합한 경기북부 명산"
5,강천산,35.40500569,127.0490606,剛泉山,585.8,"전라북도 순창군 팔덕면, 전라남도 담양군 용면","순창군청, 담양군청",7.3,7.6,7.6,7.2,6.9,6.9,8.0,Gangcheon-san,"병풍바위와 구장군폭포, Y자형 출렁다리가 명물이며 단풍 절경과 계곡 비경이 아름다워 '호남의 소금강'으로 불리는 명산"
6,계룡산,36.343363,127.205747,鷄龍山,846.5,"대전광역시, 충청남도 공주시 계룡면, 논산시 상월면, 계룡시 신도안면",국립공원관리공단(계룡산사무소),7.3,7.9,7.4,7.2,6.4,7.1,7.7,Gyeryong-san,"동학사와 갑사 등 고찰이 많은 불교 성지로, 천황봉 연천봉의 기암괴석과 가을 단풍이 아름다우며 등산로가 잘 정비된 충청 명산"
7,계방산,37.72928849,128.4649996,桂芳山,1579.1,"강원도 홍천군 내면, 평창군 용편면ㆍ진부면","홍천군청, 평창군청",7.6,8.1,7.2,7.9,6.6,7.0,9.0,Gyebang-san,"남한 4위 고봉(1577m)으로 주목 군락지와 원시림이 보존되어 있으며, 겨울 상고대와 눈꽃 설경이 장관인 강원도 청정 산악지역"
8,공작산,37.71634329,128.0102308,孔雀山,887.4,"강원도 홍천군 동면, 화촌면",홍천군청,7.0,6.9,7.8,7.0,6.7,6.6,7.5,Gongjak-san,"공작폭포와 억새 능선이 아름다우며, 울창한 숲길과 계곡물소리가 힐링을 주고 완만한 산행로로 가족 산행에 적합한 홍천 명산"
9,관악산,37.443789,126.961045,冠岳山,632.2,"서울특별시 관악구, 경기도 안양시, 과천시","관악구청, 금천구청, 과천시청, 안양시청",6.9,7.4,6.6,7.1,6.3,7.1,7.2,Gwanak-san,"서울 남부의 진산으로 연주대 바위와 연주암 등 사찰이 많으며, 정상 조망이 탁월하고 도심 속 접근성이 좋아 시민들이 즐겨 찾는 명산"
10,구병산,36.470386,127.861637,九屛山,876.3,"경상북도 상주신 화북면, 충청북도 보은군 마로면ㆍ속리산면","상주시청, 보은군청",7.2,7.9,7.0,7.3,5.7,7.5,8.0,Gubyeong-san,"아홉 봉우리가 병풍처럼 연이어 솟아 있으며, 속리산 문장대와 연계된 조망이 뛰어나고 가을 단풍이 아름다운 충북의 숨은 명산"
11,금산,34.745349,127.985406,錦山,704.9,"경상남도 남해군 상주면, 이동면, 삼동면",남해군청,7.7,8.9,7.4,8.2,7.1,7.0,7.6,Geum-san,"남해 최고봉으로 이순신 장군 전설이 서린 곳이며, 보리암 성지와 남해 바다·섬 조망이 탁월하고 해풍 맞은 철쭉이 유명한 해안 명산"
12,금수산,36.984549,128.256539,錦繡山,1015.8,"충청북도 제천시 수산면, 단양군 적성면","제천시청, 월악산국립공원",7.4,8.0,7.0,7.6,6.5,7.6,7.7,Geumsu-san,"금수산 자연휴양림과 능강계곡이 유명하며, 깊은 계곡과 기암괴석이 빼어나고 가을 단풍이 아름다워 월악산과 함께 충북 명산으로 손꼽힘"
13,금오산,36.08925,128.305343,金烏山,976.5,"경상북도 구미시, 칠곡군 북삼읍, 김천시 남면","구미시청, 김천시청",7.2,7.8,7.0,7.5,6.6,6.9,7.5,Geumo-san,"도선국사가 창건한 대혜폭포와 약사암 마애불이 유명하며, 케이블카로 접근 가능하고 기암괴석과 철쭉이 아름다운 구미의 진산"
14,금정산,35.28398695,129.0555168,金井山,800.8,"부산광역시 금정구ㆍ북구, 경상남도 양산시","부산광역시, 양산시청",7.3,8.1,7.1,7.5,7.0,6.9,7.1,Geumjeong-san,"범어사가 자리한 부산의 진산으로, 금정산성 둘레길과 고당봉 조망이 뛰어나며 등산로가 잘 정비되어 부산 시민들이 즐겨 찾는 명산"
15,깃대봉,34.706407,125.201462,旗臺峰,367.8,전라남도 신안군 흑산면 홍도,국립공원관리공단,7.6,8.4,7.3,7.5,6.8,7.9,7.3,Gitdae-bong,"신안 홍도 최고봉으로 다도해 해상국립공원의 절경과 기암괴석이 장관이며, 섬산의 매력과 서해 바다 조망이 탁월한 비경"
16,남산,35.76885606,129.2256847,南山,495.1,"경상북도 경주시 남산동, 내남면",국립공원관리공단(경주국립공원),7.2,7.5,7.4,7.3,7.0,6.8,7.6,Nam-san,"경주 시내를 품은 노천박물관으로, 신라 불상과 석탑 등 불교 유적이 산재해 있으며 천년 역사를 느낄 수 있는 문화유산의 산"
17,내연산,36.27967398,129.2834317,內延山,711.3,"경상북도 포항시 송라면ㆍ청하면ㆍ죽장면, 영덕군 남정면","경상북도, 포항시청, 영덕군청",7.2,7.9,7.5,7.2,6.5,6.6,8.0,Naeyeon-san,"보경사 12폭포와 삼보폭포가 유명하며, 깊은 계곡과 기암절벽이 어우러지고 가을 단풍이 절경을 이루는 동해안 명산"
18,내장산,35.480575,126.887979,內藏山,763.5,"전라북도 정읍시 내장동, 순창군 쌍치면ㆍ복흥면",내장산국립공원관리공단,7.3,7.5,6.8,7.6,6.4,7.2,8.5,Naejang-san,"호남 5대 명산으로 내장사 단풍터널이 절경이며, 우화정과 백양사 등 사찰이 많고 기암괴석과 단풍이 어우러진 불교 성지"
19,대둔산,36.120811,127.323266,大芚山,879.1,"충청남도 논산시 벌곡면ㆍ금산군 진산면, 전라북도 완주군 운주면","논산시청, 금산군청, 완주군청",7.7,8.4,7.2,7.9,6.7,8.0,8.3,Daedun-san,"마천대·금강 구름다리와 삼선계단이 유명하며, 기암괴석이 장관이고 케이블카로 접근 가능한 '호남의 소금강' 명산"
20,대암산,38.212008,128.135045,大岩山,1312.6,"강원 양구군 동면, 인제군 서화면",양구군청,,,,,,,,Daeam-san,"천연기념물 제246호 용늪 고층습원이 있는 DMZ 접경지역의 청정 산악으로, 생태학적 가치가 높고 자연이 잘 보존된 명산"
21,대야산,36.671561,127.932373,大耶山,931,"경상북도 문경시 가은읍, 충청북도 괴산군 청천면",국립공원관리공단(속리산국립공원),7.2,7.6,7.3,7.1,6.4,7.3,7.6,Daeya-san,"용추폭포와 피아골 계곡이 아름다우며, 월영대 일출과 구름바다가 장관이고 가을 단풍이 아름다운 문경·괴산 경계 명산"
22,덕숭산,36.67346929,126.6189934,德崇山,495.2,충청남도 예산군 덕산면,예산군청,6.9,7.0,7.4,6.7,6.6,6.3,7.4,Deoksung-san,"백제 법왕 때 창건된 수덕사가 자리한 불교 성지로, 온화한 산세와 차분한 분위기가 매력적이며 힐링 산행에 적합한 예산 명산"
23,덕유산,35.86139,127.746346,德裕山,1614.2,"전라북도 무주군ㆍ장수군, 경상남도 거창군ㆍ함양군",덕유산국립공원관리공단,7.5,8.3,7.1,7.8,6.9,6.8,8.7,Deogyyu-san,"향적봉 일출과 무주구천동이 유명하며, 무주리조트 곤도라로 접근 가능하고 겨울 설경과 사계절 풍광이 아름다운 국립공원"
24,덕항산,37.309775,129.011796,德項山,1072.9,"강원도 삼척시 신기면, 태백시 하사미동","삼척시청, 태백시청",6.5,6.2,6.9,6.6,6.2,6.6,6.8,Deokhang-san,"두타산과 함께 태백준령의 명산으로, 용소골 계곡과 억새 능선이 아름다우며 청정 자연이 잘 보존된 삼척·태백 경계 산"
25,도락산,36.857018,128.311608,道樂山,965.3,"충청북도 단양군  단성면, 대강면",월악산국립공원,7.3,8.1,7.0,7.5,6.4,7.8,7.2,Dorak-san,"소백산과 월악산 사이에 위치하며, 온달산성 전설과 구담봉 조망이 뛰어나고 기암괴석이 아름다운 단양팔경의 명산"
26,도봉산,37.701277,127.015599,道峰山,740.2,"서울특별시 도봉구, 경기도 의정부시 호원동ㆍ양주시 장흥면","국립공원관리공단, 도봉구청, 의정부시청, 양주시청",7.5,8.2,6.8,7.4,6.7,7.9,7.9,Dobong-san,"북한산 국립공원 일부로 신선대·만장봉 등 기암괴석이 장관이며, 도봉서원과 망월사가 있고 암릉 코스가 스릴 넘치는 서울 북부 명산"
27,두륜산,34.480172,126.619347,頭輪山,700,전라남도 해남군 삼산면ㆍ북일면ㆍ북평면ㆍ현산면,해남군청,7.4,8.1,7.2,7.6,6.6,7.4,7.6,Duryun-san,"대흥사가 자리한 불교 성지로 해남 땅끝마을과 가까우며, 해풍 맞은 차밭과 표충사가 유명하고 다도해 조망이 아름다운 호남 명산"
28,두타산,37.260853,129.100043,頭陀山,1357,"강원도 동해시 삼화동, 삼척시 미로면ㆍ하자면","삼척시청, 태백시청",7.4,8.0,7.5,7.6,6.4,7.2,7.6,Duta-san,"무릉계곡과 베틀바위, 무릉반석이 유명하며, 청옥산과 함께 동해안 명산으로 삼화사와 계곡 풍광이 아름다운 산행지"
29,마니산,37.612384,126.434827,摩尼山,472.1,인천광역시 강화군 화도면,강화군청,6.9,7.6,6.8,7.2,6.4,6.8,6.8,Mani-san,"강화도 최고봉으로 단군 전설의 참성단이 있으며, 해돋이 명소와 서해 낙조가 아름답고 역사와 신화가 깃든 성스러운 산"
30,마이산,35.763047,127.404768,馬耳山,687.4,전라북도 진안군 진안읍ㆍ마령면,"전라북도, 진안군청",7.3,7.7,7.1,7.5,6.6,7.1,7.7,Mai-san,"암수 두 봉우리가 말귀 모양으로 솟아 있으며, 탑사의 이갑룡 돌탑군이 장관이고 계절마다 다른 이름으로 불리는 신비로운 명산"
31,명성산,38.107784,127.337639,鳴聲山,922,"강원도 철원군 갈말읍, 경기도 포천시 영북면ㆍ이동면","포천시청, 철원군청",7.6,8.2,7.1,8.1,6.2,7.1,9.3,Myeongseong-san,"억새 능선과 산정호수가 유명하며, DMZ 접경의 완만한 산행로와 가을 억새 물결이 장관이고 조망이 뛰어난 철원·포천 경계 명산"
32,명지산,37.942512,127.431902,明智山,1252.3,경기도 가평군 북면ㆍ하면,가평군천,6.7,7.2,6.8,6.5,5.3,7.3,7.2,Myeongji-san,"경기도 최고봉(1267m)으로 억새평원과 명지계곡이 아름다우며, 가을 억새와 단풍이 장관이고 수도권 대표 산행지로 인기"
33,모악산,35.730559,127.084284,母岳山,795.2,"전라북도 김제시 금산면, 전주시 완산구, 완주군 구이면","전라북도, 전주시청, 김제시청, 완주군청",7.1,7.4,7.3,7.1,6.7,6.5,7.7,Moak-san,"금산사가 자리한 미륵신앙의 성지로, 전주 시내와 만경평야 조망이 뛰어나며 불교 역사가 깃든 호남의 명산"
34,무등산,35.13508,126.98867,無等山,1186.8,"광주광역시 동구, 전라남도 담양군 남면ㆍ화순군 이서면","국립공원관리공단 (무등산사무소, 무등산동부사무소)",7.2,7.9,7.0,7.3,6.7,6.9,7.7,Mudeung-san,"광주의 진산으로 주상절리 입석대·서석대가 장관이며, 무등산 수박과 왕벚꽃이 유명하고 가을 억새가 아름다운 호남 5대 명산"
35,무학산,35.211944,128.535689,舞鶴山,761.4,경상남도 창원시 교방동ㆍ두척동ㆍ내서읍,창원시청,7.1,7.6,7.0,7.3,6.5,6.8,7.4,Muhak-san,"창원의 진산으로 용지봉에서 바라보는 야경이 아름다우며, 무학 스님 전설이 전해지고 진해만 조망이 뛰어난 명산"
36,미륵산,34.81113622,128.4161953,彌勒山,458.4,경상남도 통영시 산양읍ㆍ봉평동,통영시청,7.3,8.4,7.0,7.4,6.9,6.6,7.2,Mireuk-san,"통영 케이블카로 오를 수 있으며, 한려수도 다도해 조망이 탁월하고 미륵사와 용화사가 있는 해안 전망대 역할의 명산"
37,민주지산,36.040838,127.849052,眠周之山,1241.7,"충청북도 영동군 쌍촌면ㆍ용화면, 전라북도 무주군 설천면, 경상북도 김천시 부항면","영동군청, 무주군청, 김천시청",7.2,7.6,7.1,7.3,6.3,7.0,8.1,Minjuji-san,"영동 최고봉으로 물한리 계곡과 삼도봉이 유명하며, 충북·전북·경북 3도가 만나는 백두대간 명산이자 울창한 숲길이 아름다운 산"
38,방장산,35.448686,126.759914,方丈山,733.6,"전라북도 고창군 신림면ㆍ정읍시 입암면, 전라남도 장성군 ","전라남도, 전라북도",7.1,7.5,7.0,7.1,6.2,7.2,7.7,Bangjang-san,"내장산과 함께 호남정맥 명산으로, 방장산성 유적과 상왕봉 조망이 뛰어나며 가을 억새와 단풍이 아름다운 고창·정읍 경계 산"
39,방태산,37.895801,128.356005,芳台山,1445.7,"강원도 인제군 기린면ㆍ상남면, 홍천군 내면","인제군청, 홍천군청",7.1,7.5,7.6,6.8,6.2,7.0,7.8,Bangtae-san,"자작나무 숲길과 적가리골 단풍이 절경이며, 깊은 계곡과 청정 자연이 잘 보존되어 힐링 산행지로 인기 높은 인제 명산"
40,백덕산,37.397335,128.293402,白德山,1350.1,"강원도 평창군 방림면, 횡성군 안흥면, 영월군 수주면","영월군청, 평창군청, 횡성군청",6.8,7.1,6.9,6.8,5.7,6.7,7.7,Baekdeok-san,"평창 대표 명산으로 능선 조망이 좋고 완만한 산행로가 있으며, 가을 단풍과 억새가 아름다워 가족 산행지로 적합한 산"
41,백암산,35.463721,126.850833,白巖山,741.2,"전라북도 순창군 복흥면, 잔라남도 장성군 북하면",국립공원관리공단(백암사무소),7.2,7.5,7.1,7.6,6.3,7.0,8.0,Baegam-san,"백양사가 자리한 불교 성지로 백학봉이 유명하며, 내장산과 함께 호남 단풍 명소로 손꼽히고 계곡이 아름다운 순창·장성 경계 명산"
42,백운산(광양),35.107422,127.621933,白雲山,1222.2,"전라남도 광양시 진상면ㆍ옥룡면ㆍ봉강면ㆍ다압면, 구례군 간전면","광양시청, 구례군청",7.1,7.6,7.0,7.3,6.4,7.1,7.6,Baegun-san (Gwangyang),"동백꽃 자생지와 철쭉 군락이 유명하며, 성불사와 백운산 자연휴양림이 있고 호남정맥의 높은 봉우리로 조망이 뛰어난 생태 명산"
43,백운산(정선),37.280543,128.596154,白雲山,883.5,"강원도 정선군 신동읍, 평창군 미탄면","정선군청, 평창군청",7.0,7.6,7.0,7.1,5.6,7.1,7.8,Baegun-san (Jeongseon),"하이원리조트와 가까우며, 억새평원과 고랭지 채소밭이 펼쳐지고 고원 지대의 웅장한 풍광이 아름다운 강원도 명산"
44,백운산(포천),38.074984,127.444934,白雲山,903,경기도 포천시 이동면,포천시청,6.4,6.1,6.9,6.3,5.9,6.3,7.2,Baegun-san (Pocheon),"이동갈비로 유명한 포천에 위치하며, 백운계곡과 울창한 숲길이 아름답고 수도권 근교의 조용한 힐링 산행지로 적합한 산"
45,변산,35.681242,126.531267,邊山,459,"전라북도 부안군 변산면, 상서면, 진서면",변산반도국립공원관리공단,7.1,7.9,7.2,7.2,6.5,6.7,7.3,Byeonsan,"변산반도 국립공원 주봉으로 직소폭포와 내변산 계곡이 유명하며, 채석강과 서해 낙조가 아름다운 해안과 내륙의 조화 명산"
46,북한산,37.660934,126.993333,北漢山,835.6,"서울특별시 강북구ㆍ성북구ㆍ종로구ㆍ은평구, 경기도 고양시ㆍ양주시",서울특별시,7.5,8.3,6.9,7.7,6.7,7.7,7.4,Bukhan-san,"서울의 진산으로 인수봉·백운대·만경대가 유명하며, 북한산성과 도선사 등 사찰이 많고 기암괴석과 조망이 뛰어난 도심 속 명산"
47,비슬산,35.715763,128.52329,琵瑟山,1083.4,"대구광역시 달성군 옥포면ㆍ유가면ㆍ가창면, 경상북도 청도군 각북면","달성군청, 청도군청",7.2,7.9,7.0,7.5,6.0,7.0,8.4,Biseul-san,"대구 남부의 진산으로 대견사 참꽃 군락지가 장관이며, 대견봉에서 바라보는 대구 시내 조망과 가을 억새가 아름다운 영남 명산"
48,삼악산,37.84041,127.660269,三岳山,655.8,강원도 춘천시 서면,춘천시청,7.3,8.0,7.1,7.5,6.5,7.4,7.3,Samak-san,"등선폭포와 용화사가 유명하며, 의상대와 흔들바위 등 암봉 미로 코스가 스릴 넘치고 조망이 뛰어난 춘천 대표 명산"
49,서대산,36.231246,127.535715,西臺山,905.3,"충청남도 금산군 추부면ㆍ군북면, 충청북도 옥천군 군서면","금산군청, 옥천군청",7.1,7.7,6.9,7.0,6.1,7.2,7.6,Seodae-san,"월영대와 적벽강 계곡이 아름다우며, 월명암에서 바라보는 조망이 뛰어나고 용바위가 유명한 금산·옥천 경계 명산"
50,선운산,35.508404,126.571111,禪雲山,334.7,전라북도 고창군 아산면ㆍ심원면ㆍ해리면,"전라북도, 고창군청",7.4,7.8,7.4,7.7,6.8,6.8,8.5,Seonun-san,"선운사와 동백나무 숲이 유명하며, 도솔암 마애불과 낙조대 일몰이 절경이고 꽃무릇과 단풍이 아름다운 고창 명산"
51,설악산,38.119921,128.465558,雪岳山,1708.1,"강원도 속초시 설악동, 인제군 북면ㆍ인제읍, 양양군 서면ㆍ강현면","속초시청, 인제군청, 양양군청",7.6,8.4,7.0,7.8,6.5,8.1,8.1,Seorak-san,"한국 대표 명산으로 대청봉·울산바위·권금성이 유명하며, 천불동 계곡과 비룡폭포 등 사계절 빼어난 풍광을 자랑하는 국립공원"
52,성인봉,37.503767,130.866196,聖人峰,986.5,경상북도 울릉군 울릉읍 서면ㆍ북면,울릉군청,6.8,7.1,7.4,6.8,5.9,7.0,6.6,Seongin-bong,"울릉도 최고봉으로 원시림과 고산식물 군락이 있으며, 맑은 날 독도 조망이 가능하고 신비로운 섬산의 비경을 자랑하는 명산"
53,소백산,36.951787,128.44608,小白山,1439.7,"경상북도 영주시 풍기읍, 충청북도 단양군 단양읍",국립공원관리공단(소백산국립공원),7.3,7.9,7.4,7.3,6.5,7.0,8.1,Sobaek-san,"철쭉과 억새가 유명하며, 비로봉 일출과 초암사 희방폭포가 있고 백두대간 명산이자 천문대가 있는 별 관측 명소"
54,소요산,37.942764,127.087809,逍遙山,587.5,"경기도 동두천시, 포천시 신북면","동두천시청, 포천시청",6.9,7.2,7.0,7.1,5.8,6.8,7.6,Soyo-san,"원효대와 자재암이 유명하며, 가을 단풍과 원효폭포 계곡이 아름답고 등산로가 잘 정비된 경기북부 대표 명산"
55,속리산,36.533504,127.9,俗離山,1058.4,"경상북도 상주시 화북면, 충청북도 보은군 내속리면",국립공원관리공단(속리산국립공원),7.5,8.1,7.5,7.4,6.8,7.4,7.8,Songni-san,"법주사 팔상전과 문장대가 유명하며, 정이품송과 세조 임금 전설이 깃든 불교 성지이자 기암괴석과 단풍이 아름다운 백두대간 명산"
56,신불산,35.540444,129.056118,神佛山,1159.3,울산광역시 울주군 삼남면ㆍ상북면,울주군청,7.2,7.7,7.1,7.3,6.3,7.0,8.3,Sinbul-san,"영남알프스 일부로 억새평원과 간월재가 유명하며, 가을 억새 물결과 파래소폭포가 장관이고 조망이 뛰어난 울산 명산"
57,연화산,35.073613,128.265246,蓮花山 ,524,경상남도 고성군 개천면ㆍ영현면,고성군청,6.3,6.1,7.1,6.4,6.1,5.8,6.8,Yeonhwa-san,"거제·통영을 잇는 조망 명소로, 옥녀봉에서 한려수도와 섬들이 한눈에 보이며 해안 전망대 역할을 하는 아름다운 명산"
58,오대산,37.79862,128.543076,五臺山,1565.4,"강원도 평창군 진부면, 홍천군 내면, 강릉시 연곡면","평창군청, 홍천군청, 강릉시청",7.4,7.6,7.5,7.2,7.1,7.0,8.3,Odae-san,"월정사와 상원사가 있는 불교 성지로, 적멸보궁과 전나무 숲길이 유명하며 비로봉 등 백두대간 명산이자 힐링 산행지"
59,오봉산,38.001179,127.806098,五峰山,777.9,"강원도 춘천시 북산면, 화천군 간동면","춘천시청, 화천군청",7.1,7.6,6.8,7.3,6.1,7.5,7.3,Obong-san,"춘천호와 파로호 조망이 뛰어나며, 다섯 봉우리가 연이어 솟은 산세가 아름답고 울창한 숲길이 힐링을 주는 춘천·화천 경계 명산"
60,용문산,37.562517,127.551815,龍門山,1157.1,경기도 양평군 용문면ㆍ옥천면,양평군청,6.9,7.2,6.9,7.0,5.4,7.5,7.3,Yongmun-san,"천연기념물 제30호 천년 은행나무와 용문사가 유명하며, 수도권에서 가까운 경기도 최고 명산이자 가을 단풍이 아름다운 양평 진산"
61,용화산,38.039508,127.743782,龍華山,877.8,"강원도 화천군 간동면ㆍ하남면, 춘천시 사북면","화천군청, 춘천시청",7.1,7.6,6.9,7.5,6.1,7.3,7.2,Yonghwa-san,"파로호 조망이 일품이며, 약수터와 완만한 능선이 있고 춘천호 전망도 뛰어나 힐링 산행에 적합한 화천 대표 명산"
62,운문산,35.676492,129.034167,雲門山,1195.1,"경상북도 청도군 운문면, 경상남도 밀양시 산내면","경상북도, 밀양시청",7.0,7.8,7.1,6.9,5.9,7.0,7.8,Unmun-san,"운문사와 천문대가 유명하며, 청도 소싸움과 함께 방문할 수 있고 억새와 가을 단풍이 아름다운 영남 명산"
63,운악산,37.878103,127.324856,雲岳山,934.7,"경기도 가평군 하면, 포천시 화현면","가평군청, 포천시청",7.5,8.2,6.9,7.6,6.6,8.2,7.7,Unak-san,"현등사와 기암괴석이 유명하며, 북한강과 청평호 조망이 뛰어나고 마당바위가 있는 가평·포천 경계 명산"
64,운장산,35.911067,127.357241,雲長山,1125.8,"전라북도 진안군 주천면, 부귀면, 정천면, 완주군 동상면",진안군청,7.3,8.2,7.0,7.5,6.3,7.3,7.8,Unjang-san,"호남정맥 명산으로 억새와 철쭉이 유명하며, 진안고원의 웅장한 산세와 운일암·반일암이 가까운 전북 명산"
65,월악산,36.889372,128.090879,月岳山,1095.3,"충청북도 제천시 한수면, 덕산면",국립공원관리공단(월악산국립공원),7.5,8.5,7.1,8.1,6.2,7.5,7.4,Worak-san,"덕주사와 미륵리 마애불이 유명하며, 영봉 조망과 송계계곡·덕주골이 빼어나고 만수봉과 하늘재가 있는 충북 명산"
66,월출산,34.774408,126.710414,月出山,810.7,"전라남도 영암군 영암읍ㆍ군서면ㆍ학산면, 강진군 성전면",국립공원관리공산(월출산국립공원),7.7,8.7,7.3,8.0,6.8,7.9,7.7,Wolchul-san,"구름다리와 천황봉 바람재가 유명하며, 기암괴석과 영암 도기·도갑사가 있고 일출 명소로 유명한 호남 명산"
67,유명산,37.576298,127.487614,有明山,864,"경기도 가평군 설악면, 양평군 옥천면","가평군청, 양평군청",6.7,6.6,7.4,6.8,6.1,6.2,7.7,Yumeong-san,"용문산과 함께 경기 명산이며, 유명계곡과 자연휴양림이 있고 억새 능선과 가을 단풍이 아름다운 가평·양평 경계 산행지"
68,응봉산,37.077202,129.22989,鷹峰山,999.7,"강원도 삼척시 가곡면ㆍ원덕읍, 경상북도 울진군 북면","삼척시청, 울진군청",7.1,7.4,7.6,7.2,6.5,6.7,7.5,Eungbong-san,"환선굴과 대금굴이 가까우며, 동해 바다와 울진 조망이 뛰어나고 덕구온천과 연계 가능한 삼척·울진 경계 명산"
69,장안산,35.630085,127.595822,長安山,1237.4,"전라북도 장수군 장수읍, 계남면",장수군청,7.3,7.9,7.1,7.2,6.7,7.0,8.2,Jangan-san,"장수 진산으로 논개 생가와 장안사가 있으며, 덕유산과 연계 산행이 가능하고 억새가 유명한 전북 명산"
70,재약산,35.547668,128.979378,載藥山,1119.1,"경상남도 밀양시 단장면ㆍ산내면, 울산광역시 울주군 상북면","밀양시청, 울주군청",7.3,8.2,7.0,7.5,6.5,6.8,7.9,Jaeyak-san,"사자평 억새와 능동산 계곡이 유명하며, 영남알프스 주봉 중 하나로 표충사와 얼음골이 가까운 밀양 명산"
71,적상산,35.947729,127.689708,赤裳山,1030.6,전라북도 무주군 적상면,국립공원관리공단,7.4,8.0,7.3,7.5,6.6,6.6,8.7,Jeoksang-san,"무주 구천동과 적상산성이 유명하며, 안국사와 사고가 있던 역사의 산으로 적상호 전망대가 있는 무주 명산"
72,점봉산,38.049279,128.425259,點鳳山,1426,"강원도 양양군 서면, 인제군 인제읍ㆍ기린면","양양군청, 인제군청",7.5,8.0,8.1,7.4,6.9,6.6,8.4,Jeombong-san,"곰배령 야생화와 주목 군락지가 유명하며, 설악산과 연계된 백두대간 명산으로 생태계 보전지역의 청정 산악"
73,조계산,35.002569,127.313568,曹溪山,887.3,전라남도 순천시 승주읍ㆍ송광면,순천시청,7.3,7.3,7.8,7.5,6.7,6.7,8.0,Jogye-san,"송광사와 선암사 두 고찰이 자리한 불교 성지로, 가을 단풍과 차밭이 아름답고 삼청교·장군폭포가 있는 순천 명산"
74,주왕산,36.388251,129.166513,周王山,722.1,"경상북도 청송군 청송읍ㆍ부동면, 영덕군 지품면ㆍ달산면",국립공원관리공단(주왕산국립공원),7.7,8.4,7.3,7.9,7.2,7.1,8.3,Juwang-san,"주산지와 주왕굴·기암폭포가 유명하며, 기암괴석과 단풍이 절경이고 대전사·주왕암이 있는 청송 명산"
75,주흘산,36.788634,128.100605,主屹山,1108.4,경상북도 문경시 문경읍,문경시청,7.1,7.4,7.5,7.0,6.6,6.9,7.1,Juheul-san,"문경새재 관문과 연계되며, 조령산과 함께 백두대간 영남대로 관문 역할을 하는 역사의 산이자 문경 새재길"
76,지리산,35.337048,127.73047,智異山,399.3,경상남도 통영시 사량면,통영시청,7.3,8.0,7.1,7.2,6.7,7.6,7.5,Jiri-san,"한국 최고 명산으로 천왕봉·노고단·반야봉이 유명하며, 불교와 역사가 깃든 국립공원 1호이자 종주 산행의 성지"
77,지리산(통영),34.84801832,128.1858295,智異山,1915.4,"경상남도 하동군ㆍ산청군ㆍ함양군, 전라북도 남원시, 전라남도 구례군",국립공원관리공단(지리산국립공원),7.7,8.2,7.2,7.7,6.6,8.3,8.0,Jiri-san (Tongyeong),"통영 사량도의 지리산으로 섬산의 매력과 다도해 조망이 뛰어나며, 옥녀봉·가마봉 등 기암절벽이 장관인 해상 명산"
78,천관산,34.532448,126.916015,天冠山,724.3,"전라남도 장흥군 관산읍, 대덕읍",장흥군청,7.4,8.2,6.9,7.7,6.4,7.3,8.4,Cheongwan-san,"억새평원과 구름다리가 유명하며, 장흥 편백숲 우드랜드와 함께 방문하고 가을 억새 물결이 장관인 호남 명산"
79,천마산,37.680623,127.272692,天摩山,810.3,"경기도 남양주시 화도읍, 오남읍",남양주시청,7.2,7.6,7.1,7.5,6.7,7.0,7.5,Cheonma-san,"천마산 출렁다리와 수종사가 유명하며, 수도권에서 가까운 가족 산행지로 사랑받고 남양주 전망대 역할을 하는 명산"
80,천성산,35.420283,129.112159,千聖山,920.2,"경상남도 양산시 하북면, 웅상읍, 상북면",양산시청,6.9,7.6,6.9,7.0,6.2,6.9,6.8,Cheonseong-san,"원효암과 화엄벌 습지가 천연기념물이며, 밀양 얼음골과 가까우며 내원사 계곡과 억새가 아름다운 양산 명산"
81,천태산,36.157403,127.613531,天台山,714.3,"충청북도 영동군 양산면, 충청남도 금산군 제원면","영동군청, 금산군청",7.6,8.1,6.9,7.6,6.9,8.2,8.0,Cheontae-san,"천태사와 약수터가 유명하며, 영동·금산 경계의 백두대간 산행지로 삼국시대 천태종 발상지 전설이 있는 산"
82,청량산,36.796599,128.908346,淸凉山,869.7,"경상북도 봉화군 명호면ㆍ재산면, 안동시 도산면ㆍ예안면",봉화군청(청량산도립공원관리사무소),7.3,8.0,7.1,7.4,6.6,7.2,7.8,Cheongnyang-san,"퇴계 이황이 수학한 곳으로 청량사와 기암괴석, 낙동강 조망이 빼어나며 육육봉 12대가 있는 봉화 명산"
83,추월산,35.399282,126.975611,秋月山,731.2,"전라남도 담양군 용면, 전라북도 순창군 복흥면","담양군청, 순창군청",7.0,7.2,7.2,7.2,6.0,7.2,7.5,Chuwol-san,"메타세쿼이아 가로수길과 용추계곡이 유명하며, 억새와 철쭉이 아름답고 힐링 산행에 적합한 담양·순창 경계 명산"
84,축령산,37.75298,127.333084,祝靈山,887.1,"경기도 남양주시 수동면, 가평군 상면","남양주시청, 가평군청",7.3,7.3,7.9,7.1,6.7,7.0,8.0,Chungnyeong-san,"수령 80년 이상 편백나무 숲이 장관이며, 축령산 자연휴양림과 잣나무 숲길이 힐링 산행지로 유명한 남양주·가평 명산"
85,치악산,37.37179,128.050553,雉岳山,1282,"강원도 원주시, 횡성군, 영월군","원주시청, 횡성군청, 영월군청",7.4,7.7,7.1,7.2,6.6,7.7,8.1,Chiak-san,"비로봉과 구룡사가 유명하며, 영원사 구룡폭포·세렴폭포 등 계곡이 아름답고 국립공원으로 지정된 원주 진산"
86,칠갑산,36.413505,126.884245,七甲山,559.7,"충청남도 청양군 대치면, 정산면, 장평면",청양군청,7.0,6.9,7.4,7.5,6.9,6.1,7.5,Chilgap-san,"천장호 출렁다리와 장곡사가 유명하며, 칠갑산 천문대와 천장호 조망이 뛰어나고 7개 봉우리 전설이 있는 청양 명산"
87,태백산,37.095772,128.91524,太白山,1566.7,"강원도 태백시, 경상북도 봉화군 석포면","태백시청, 봉화군청",7.6,8.2,7.4,7.6,7.1,7.1,8.8,Taebaek-san,"단군 신앙의 천제단과 일출 명소로 유명하며, 주목 군락지와 금대봉이 있고 민족의 영산으로 불리는 백두대간 명산"
88,태화산,37.136205,128.48548,太華山,1027.5,"강원도 영월군 남면, 충청북도 단양군 영춘면","영월군청, 국유림관리사무소",5.9,4.6,6.7,5.3,6.2,6.0,6.6,Taehwa-san,"만지강변과 절벽 조망이 일품이며, 만지계곡과 어라연계곡이 아름답고 영월·단양 8경과 연계 가능한 명산"
89,팔공산,36.017151,128.695043,八公山,1192.3,"경상북도 군위군 부계면, 영천시 신녕면, 대구광역시 동구","경상북도, 대구광역시",7.1,7.5,7.1,7.3,6.5,6.9,7.1,Palgong-san,"갓바위 부처와 동화사가 유명하며, 대구·경북의 진산으로 팔공산 케이블카와 빙계계곡이 있는 대표 명산"
90,팔봉산,37.702777,127.753846,八峰山,328.2,강원도 홍천군 서면,홍청군청,7.3,7.8,6.6,7.7,6.6,8.2,7.1,Palbong-san,"여덟 봉우리와 팔봉산 출렁다리가 유명하며, 홍천강 조망이 뛰어나고 가을 단풍이 아름다운 홍천 명산"
91,팔영산,34.618308,127.434072,八影山,606.9,"전라남도 고흥군 점암면, 영남면",국립공원관리공단(팔영산국립공원),7.7,8.6,7.2,7.5,7.2,8.1,7.6,Palyeong-san,"여덟 봉우리 능선 종주가 유명하며, 다도해 조망이 탁월하고 동백숲과 철쭉이 아름다운 고흥의 해안 명산"
92,한라산,33.361773,126.529081,漢拏山,1947.3,제주특별자치도,제주특별자치도,7.2,7.8,6.8,7.4,6.2,7.3,8.0,Halla-san,"대한민국 최고봉(1950m)으로 백록담 분화구와 1800여종 식물이 자생하며, 세계자연유산 제주의 상징이자 사계절 아름다운 명산"
93,화악산,37.99512,127.503057,華岳山,1468.3,"경기도 가평군 북면, 강원도 화천군 사내면",가평군청,6.7,7.1,6.8,7.0,5.5,6.8,7.5,Hwanak-san,"수도권 최고 설경 명소이며, 억새평원과 잣나무 숲이 유명하고 가을 단풍과 겨울 설화가 아름다운 가평·화천 명산"
94,화왕산,35.537221,128.56047,火旺山,757.7,"경상남도 창녕군 창녕읍, 고암면",창녕군청,7.4,7.9,7.0,7.7,6.6,7.0,8.5,Hwawang-san,"억새평원과 화왕산성이 유명하며, 창녕 우포늪과 함께 방문하고 가을 억새와 일출이 장관인 창녕 진산"
95,황매산,35.495972,127.974316,黃梅山,1113.1,"경상남도 합천군 대병면ㆍ가회면, 산청군 차황면","합천군청, 산청군청",7.8,8.5,7.4,8.5,6.9,7.1,8.9,Hwangmae-san,"철쭉 군락지와 억새평원이 유명하며, 봄 철쭉과 가을 억새가 장관이고 모산재와 황매평전이 있는 합천·산청 명산"
96,황석산,35.656953,127.757333,黃石山,1192.5,"경상남도 함양군 안의면, 서하면, 서상면","함양군청, 거창군청",7.0,7.4,7.0,7.3,5.7,7.3,7.2,Hwangseok-san,"안의 3경 중 하나로 황석산성과 황석대가 유명하며, 지리산 조망이 뛰어나고 덕유산과 연계 가능한 함양 명산"
97,황악산,36.119447,127.965947,黃岳山,1111.4,경상북도 김천시 대항면,김천시청,7.0,7.0,7.0,6.8,6.7,7.1,7.2,Hwangak-san,"직지사가 자리한 불교 성지로 부항댐 조망이 뛰어나며, 김천 진산으로 억새와 가을 단풍이 아름다운 명산"
98,황장산,36.813158,128.276068,黃腸山,1078.9,경상북도 문경시 동로면,국립공원관리공단(월악산국립공원),6.9,7.8,6.8,7.0,5.4,7.2,7.1,Hwangjang-san,"황장목 군락지와 황장산성이 유명하며, 문경새재와 가까우며 백두대간 조망이 뛰어난 문경의 역사와 자연이 어우러진 명산"
99,희양산,36.716064,128.0027,曦陽山,996.4,"경상북도 문경시 가은읍, 충청북도 괴산군 연풍면","문경시청, 괴산군청",7.2,7.8,7.1,7.4,6.1,7.5,7.6,Huiyang-san,"희양산 봉황대와 공림사지가 유명하며, 각회마을 고가와 연풍성지가 가깝고 문경·괴산 경계의 백두대간 명산"